<?xml version="1.0" encoding="utf-16"?>
<Books>
  <Book Pages="4881">
    <Name>Sierra Marsh Fern</Name>
    <Date>18.3.2016 г.</Date>
  </Book>
  <Book Pages="4786">
    <Name>Little Elephantshead</Name>
    <Date>16.12.2014 г.</Date>
  </Book>
  <Book Pages="3245">
    <Name>Airplant</Name>
    <Date>24.11.2016 г.</Date>
  </Book>
  <Book Pages="3039">
    <Name>Palo Blanco</Name>
    <Date>25.6.2014 г.</Date>
  </Book>
  <Book Pages="3013">
    <Name>Hairy Torchwood</Name>
    <Date>13.1.2013 г.</Date>
  </Book>
  <Book Pages="1870">
    <Name>Bigelow's Monkeyflower</Name>
    <Date>20.11.2015 г.</Date>
  </Book>
  <Book Pages="1238">
    <Name>Ethiopian Rattlebox</Name>
    <Date>3.9.2014 г.</Date>
  </Book>
  <Book Pages="802">
    <Name>Gigantochloa</Name>
    <Date>31.8.2014 г.</Date>
  </Book>
  <Book Pages="588">
    <Name>Roble De Sierra</Name>
    <Date>25.8.2014 г.</Date>
  </Book>
  <Book Pages="429">
    <Name>Gray Dogwood</Name>
    <Date>9.4.2014 г.</Date>
  </Book>
</Books>